id,timestamp,session_name,magnetic_x,magnetic_y,magnetic_z,magnetic_magnitude,acceleration_x,acceleration_y,acceleration_z,orientation_pitch,orientation_roll,orientation_yaw,latitude,longitude,accuracy,altitude,altitude_accuracy
787,1733023451127,Uiu,53.741547,4.8275604,-27.86676,60.729034,0.028945923,-0.052597046,-1.0843048,-0.21734856,0.64415073,-0.7861292,48.83408,2.3708053,65.78309,36.029602,30
788,1733023451333,Uiu,49.590668,12.935768,-27.078705,57.963993,0.096450806,0.008758545,-1.0692902,0.16759859,-0.92035997,-0.9417143,48.834145,2.3708615,32.96054,35.96841,30
789,1733023451516,Uiu,40.45276,15.040085,-32.041687,53.752205,0.04284668,0.09062195,-0.9356842,0.4873899,-0.002713761,-0.7265122,48.834145,2.3708615,32.96054,35.96841,30
790,1733023453037,Uiu,-7.9513245,20.871216,-32.719727,39.615803,-0.19493103,-0.09751892,-0.95780945,0.014291055,-0.0801979,-0.3006738,48.834145,2.3708615,32.96054,35.96841,30
791,1733023453150,Uiu,-8.580444,20.675774,-32.532135,39.48989,-0.1894226,-0.078567505,-0.9369354,-0.046912912,-0.055060323,-0.14816523,48.834145,2.3708615,32.96054,35.96841,30
792,1733023453250,Uiu,-9.007233,21.089966,-32.303925,39.616417,-0.25424194,-0.12825012,-0.99916077,0.08205013,-0.27896053,-0.2319419,48.834145,2.3708615,32.96054,35.96841,30
793,1733023453350,Uiu,-10.484192,20.98745,-30.887146,38.786686,-0.086013794,-0.1421051,-0.94898987,-0.22280565,-0.32907856,-0.3321673,48.834145,2.3708615,32.96054,35.96841,30
794,1733023453450,Uiu,-11.826965,21.561958,-30.242615,38.97962,-0.15989685,-0.21011353,-0.99868774,-0.1769311,-0.22546801,-0.20864242,48.834145,2.3708615,32.96054,35.96841,30
795,1733023453550,Uiu,-12.394012,22.374374,-29.831116,39.295288,-0.15055847,-0.17166138,-1.1013794,0.117343135,0.07264251,-0.2204104,48.834145,2.3708615,32.96054,35.96841,30
796,1733023453650,Uiu,-13.202454,21.802467,-30.440033,39.70199,-0.158432,-0.16693115,-0.98857117,0.1797924,-0.49971396,-0.16271354,48.834145,2.3708615,32.96054,35.96841,30
797,1733023453750,Uiu,-14.413513,21.828865,-30.117676,39.89139,-0.18984985,-0.16253662,-0.9651947,0.11777856,0.012206066,-0.14343333,48.834145,2.3708615,32.96054,35.96841,30
798,1733023453850,Uiu,-14.37207,21.289635,-30.82196,40.12229,-0.21147156,-0.19168091,-0.89282227,-0.12326361,0.052465074,-0.30146638,48.834145,2.3708615,32.96054,35.96841,30
799,1733023453950,Uiu,-14.668549,21.585037,-30.709076,40.300465,-0.1946106,-0.19085693,-0.95921326,-0.023335682,-0.08442221,-0.21169627,48.834145,2.3708615,32.96054,35.96841,30
800,1733023454063,Uiu,-15.46756,21.576828,-30.235443,40.236637,-0.20544434,-0.17601013,-1.0050812,-0.08765875,0.042330414,-0.17666665,48.834145,2.3708615,32.96054,35.96841,30
801,1733023454163,Uiu,-15.369598,21.21341,-30.64624,40.316563,-0.20066833,-0.17120361,-0.9688263,-0.022131402,0.1875896,-0.17734283,48.834145,2.3708615,32.96054,35.96841,30
802,1733023454263,Uiu,-14.3428955,21.305283,-31.763275,40.84776,-0.20986938,-0.20779419,-0.95095825,0.16250369,0.049017876,0.20481999,48.834145,2.3708615,32.96054,35.96841,30
803,1733023454363,Uiu,-13.902496,21.14447,-31.92398,40.73707,-0.1914978,-0.17015076,-0.9057007,-0.12648444,-0.039366316,-0.03263997,48.834145,2.3708615,32.96054,35.96841,30
804,1733023454463,Uiu,-13.700684,21.69188,-31.726593,40.802242,-0.18788147,-0.10845947,-0.99082947,-0.1351485,0.1843054,0.118368186,48.834145,2.3708615,32.96054,35.96841,30
805,1733023454563,Uiu,-12.524597,22.106705,-31.621246,40.564457,-0.16078186,-0.14414978,-0.949173,-0.04219752,-0.10610566,0.29766816,48.834145,2.3708615,32.96054,35.96841,30
806,1733023454700,Uiu,-11.929565,22.566162,-31.611511,40.630455,-0.23773193,-0.15690613,-0.9849396,-0.06466501,-0.08313856,0.122573055,48.834145,2.3708615,32.96054,35.96841,30
807,1733023454813,Uiu,-11.56955,22.824554,-31.904266,40.898617,-0.18257141,-0.14604187,-0.9640808,-0.07587346,0.1926078,0.12883228,48.834145,2.3708615,32.96054,35.96841,30
808,1733023454922,Uiu,-10.839996,23.359665,-31.925049,41.016926,-0.26005554,-0.15202332,-1.0244446,0.06296618,0.14394999,0.002116414,48.834145,2.3708615,32.96054,35.96841,30
809,1733023455035,Uiu,-9.794525,22.996155,-32.71472,41.170486,-0.21937561,-0.1363678,-0.90586853,0.045158688,0.33276516,0.0020780645,48.834145,2.3708615,32.96054,35.96841,30
810,1733023455135,Uiu,-8.577759,22.839813,-33.50409,41.445858,-0.15570068,-0.1880188,-0.9575653,-0.019758524,-0.11810853,0.14340669,48.834145,2.3708615,32.96054,35.96841,30
811,1733023455235,Uiu,-8.428497,23.0019,-33.8425,41.778484,-0.20559692,-0.19496155,-1.0056915,0.22251004,-0.0020538298,0.04504604,48.834145,2.3708615,32.96054,35.96841,30
812,1733023455335,Uiu,-8.494598,22.62806,-34.184906,41.866394,-0.18693542,-0.17115784,-0.9610596,0.027281156,-0.046090797,-0.13552721,48.834145,2.3708615,32.96054,35.96841,30
813,1733023455435,Uiu,-9.440887,22.227875,-34.358673,41.996754,-0.24707031,-0.13059998,-0.9526367,0.071200944,-0.20691644,-0.4624084,48.834145,2.3708615,32.96054,35.96841,30
814,1733023455535,Uiu,-11.388794,21.989365,-34.42035,42.402798,-0.3877411,-0.090789795,-0.96684265,-0.3840305,0.017823473,-1.1706077,48.834145,2.3708615,32.96054,35.96841,30
815,1733023455635,Uiu,-13.308899,21.714714,-34.179993,42.62543,-0.41661072,-0.029296875,-0.94659424,-0.8344661,0.5011749,-1.8431599,48.834145,2.3708615,32.96054,35.96841,30
816,1733023455735,Uiu,-14.625793,22.823387,-33.594543,43.167282,-0.31788635,0.006149292,-1.0142059,-0.43397436,0.91828644,-1.1029059,48.834145,2.3708615,32.96054,35.96841,30
817,1733023455835,Uiu,-16.316498,17.840073,-36.428864,43.72137,-0.038894653,-0.03816223,-0.9873047,1.5302297,0.05546326,-1.846519,48.834145,2.3708615,32.96054,35.96841,30
818,1733023455935,Uiu,-22.146698,6.0365067,-36.462402,43.08622,0.024841309,-0.16317749,-0.8908386,0.2322367,-0.4609631,-1.8305669,48.834145,2.3708615,32.96054,35.96841,30
819,1733023456035,Uiu,-24.123718,-1.3523407,-34.180176,41.8577,0.30851746,-0.11390686,-1.0369263,-0.006093579,-0.73379326,-1.210824,48.834145,2.3708615,32.96054,35.96841,30
820,1733023456152,Uiu,-24.316986,-7.7871704,-31.167816,40.291298,0.06591797,-0.3301239,-0.8796234,-0.31089157,-1.1073501,-1.0370328,48.834145,2.3708615,32.96054,35.96841,30
821,1733023456252,Uiu,-22.422455,-12.377251,-29.887146,39.359932,0.20718384,-0.16386414,-0.98695374,-0.15586603,0.020908477,-0.7819001,48.834145,2.3708615,32.96054,35.96841,30
822,1733023456369,Uiu,-19.383545,-16.281883,-29.314209,38.731697,0.11921692,-0.14282227,-0.95526123,0.01267718,0.3478717,-0.9552258,48.834145,2.3708615,32.96054,35.96841,30
823,1733023456469,Uiu,-15.453308,-19.801086,-29.615326,38.8324,0.11407471,-0.21975708,-0.77323914,0.27381212,-0.18780158,-0.79276925,48.834145,2.3708615,32.96054,35.96841,30
824,1733023456569,Uiu,-13.191467,-22.13617,-29.029053,38.816372,0.26039124,-0.24612427,-0.89559937,-0.07927964,-0.24412985,-0.69392174,48.834145,2.3708615,32.96054,35.96841,30
825,1733023456669,Uiu,-11.611908,-22.793594,-29.497833,39.04493,0.25846863,-0.27752686,-1.029007,0.12517896,0.09091233,-0.15670013,48.834145,2.3708615,32.96054,35.96841,30
826,1733023456791,Uiu,-8.129425,-23.270645,-31.684479,40.1437,0.12454224,-0.20539856,-1.1269226,-0.5616471,0.34750205,-0.49152365,48.83408,2.370795,65.781654,36.19183,30
827,1733023456894,Uiu,-6.5062256,-23.21917,-33.50583,41.28076,-0.06274414,-0.026138306,-1.122345,0.39441255,0.3757041,-0.06722564,48.83408,2.370795,65.781654,36.19183,30
828,1733023457003,Uiu,-4.45282,-22.865402,-34.126404,41.319073,0.068740845,-0.0309906,-0.7620697,-0.029439382,-0.050794736,0.034122016,48.83408,2.370795,65.781654,36.19183,30
829,1733023457103,Uiu,-5.1157227,-22.19342,-34.419342,41.272385,0.047698975,-0.17485046,-0.70606995,0.008554073,-0.09388282,0.22553858,48.83408,2.370795,65.781654,36.19183,30
830,1733023457203,Uiu,-7.000702,-20.962753,-34.645966,41.094887,0.10601807,-0.32530212,-0.96585083,-0.13466008,-0.101137005,-0.028077973,48.83408,2.370795,65.781654,36.19183,30
831,1733023457303,Uiu,-7.543701,-19.683655,-35.031433,40.884655,0.29426575,-0.30337524,-1.0821686,-0.03207138,0.14543629,0.4708301,48.83387,2.3709147,32.981613,36.893257,30
832,1733023457403,Uiu,-8.905273,-19.748627,-35.744476,41.796886,0.24543762,-0.1789856,-1.1676178,0.2927107,0.55304825,0.7804015,48.83387,2.3709147,32.981613,36.893257,30
833,1733023457503,Uiu,-10.167847,-18.40155,-36.02368,41.709805,0.32951355,0.0063934326,-1.3766937,0.04932068,0.18686496,0.96378547,48.83387,2.3709147,32.981613,36.893257,30
834,1733023457620,Uiu,-11.303741,-15.350861,-36.973236,41.598602,0.14613342,-0.19026184,-0.74983215,-0.44569758,-0.13875282,0.98677576,48.83387,2.3709147,32.981613,36.893257,30
835,1733023457720,Uiu,-12.933777,-13.2313,-37.75421,42.044384,0.07858276,-0.08242798,-0.747406,0.28632018,0.23446417,0.966491,48.83387,2.3709147,32.981613,36.893257,30
836,1733023457837,Uiu,-13.931519,-12.454559,-37.67975,42.059086,0.0046081543,-0.113479614,-0.77719116,0.33547068,-0.086159386,0.50692207,48.83387,2.3709147,32.981613,36.893257,30
837,1733023457937,Uiu,-14.898224,-13.157272,-37.89258,42.78923,-0.021011353,-0.17726135,-1.0768585,-0.14488608,-0.26335335,-0.6845701,48.83387,2.3709147,32.981613,36.893257,30
838,1733023458037,Uiu,-13.4236145,-12.885857,-38.92758,43.14621,0.18435669,-0.14527893,-1.0618591,-0.71624863,0.18323134,-0.7719076,48.83387,2.3709147,32.981613,36.893257,30
839,1733023458137,Uiu,-10.88974,-11.758797,-40.73822,43.77737,0.22447205,-0.08224487,-1.0319672,0.11781798,0.46275088,0.1555065,48.83387,2.3709147,32.981613,36.893257,30
840,1733023458237,Uiu,-10.429718,-11.961311,-41.74884,44.663383,0.018569946,-0.14042664,-0.90512085,-0.08159872,0.06083006,0.081300445,48.83387,2.3709147,32.981613,36.893257,30
841,1733023458337,Uiu,-9.960144,-11.696098,-42.658813,45.340683,0.139328,-0.1534729,-0.7809143,0.060530722,-0.09844029,0.32518262,48.83387,2.3709147,32.981613,36.893257,30
842,1733023458454,Uiu,-11.25531,-10.734383,-43.42279,46.124264,0.15937805,-0.2985382,-0.91812134,-0.13442518,-0.1653325,0.1925588,48.83387,2.3709147,32.981613,36.893257,30
843,1733023458554,Uiu,-11.211212,-9.738701,-45.0744,47.45772,0.28303528,-0.24316406,-1.0423584,0.08848486,0.14988457,0.742158,48.83387,2.3709147,32.981613,36.893257,30
844,1733023458654,Uiu,-11.94693,-9.207794,-46.00598,48.415524,0.2838745,-0.17695618,-1.137085,0.3621151,0.119551696,1.2004417,48.83387,2.3709147,32.981613,36.893257,30
845,1733023458754,Uiu,-12.739441,-7.225868,-47.68811,49.886494,0.31170654,0.042022705,-1.338913,-0.27409068,0.50660646,0.9332811,48.83387,2.3709147,32.981613,36.893257,30
846,1733023458854,Uiu,-12.975433,-3.637886,-48.871918,50.695763,0.19464111,-0.012786865,-0.8974304,-0.14277314,-0.11673514,1.3812679,48.83387,2.3709147,32.981613,36.893257,30
847,1733023458954,Uiu,-12.480347,-0.7077942,-50.395294,51.922497,0.25053406,-0.11778259,-0.652359,0.123537384,-0.13110423,1.536256,48.83387,2.3709147,32.981613,36.893257,30
848,1733023459054,Uiu,-13.017242,0.76055145,-50.742493,52.3911,0.19496155,-0.11627197,-0.94929504,0.064822406,-0.10061742,0.9203605,48.83387,2.3709147,32.981613,36.893257,30
849,1733023459154,Uiu,-11.789856,2.136917,-52.43985,53.79131,0.19740295,0.030792236,-1.1361847,-0.007673366,0.7451285,0.6259691,48.83387,2.3709147,32.981613,36.893257,30
850,1733023459255,Uiu,-8.692078,2.8340912,-54.056763,54.82443,0.20532227,-0.07823181,-0.9646301,-0.04335999,0.4720842,0.88260007,48.83387,2.3709147,32.981613,36.893257,30
851,1733023459355,Uiu,-6.950531,6.479439,-54.986176,55.801186,0.2323761,-0.076538086,-1.1412811,-1.1635902,0.4209307,0.38678607,48.83387,2.3709147,32.981613,36.893257,30
852,1733023459455,Uiu,-4.1058655,11.430267,-55.763794,57.071095,0.13641357,-0.08329773,-0.87390137,-0.13213779,-0.15327424,1.8355558,48.83387,2.3709147,32.981613,36.893257,30
853,1733023459555,Uiu,-2.994995,14.5850525,-56.13156,58.072765,0.08409119,-0.19152832,-0.92581177,-0.32272318,-0.29639146,1.2627027,48.83387,2.3709147,32.981613,36.893257,30
854,1733023459702,Uiu,-0.23068237,17.872643,-57.024048,59.75974,0.05996704,-0.068496704,-0.93481445,0.27398467,-0.06691991,1.1518542,48.83387,2.3709147,32.981613,36.893257,30
855,1733023459822,Uiu,0.42404175,17.180977,-58.001923,60.494534,-0.04916382,-0.14445496,-1.030426,0.33864358,-0.03269749,0.65673953,48.83387,2.3709147,32.981613,36.893257,30
856,1733023459922,Uiu,0.9105835,15.969414,-58.787262,60.92449,0.051589966,-0.20793152,-1.0628357,-0.33977914,-0.5371766,0.1885771,48.83387,2.3709147,32.981613,36.893257,30
857,1733023460022,Uiu,2.2953796,19.510979,-58.397125,61.61308,0.46621704,0.039382935,-1.0244293,-0.30764678,0.08982629,1.1394825,48.83387,2.3709147,32.981613,36.893257,30
858,1733023460139,Uiu,4.666107,20.629837,-58.798584,62.487087,0.13790894,-0.083999634,-0.8344116,-0.0459864,0.12495552,1.299531,48.83387,2.3709147,32.981613,36.893257,30
859,1733023460239,Uiu,5.624176,18.44268,-60.234985,63.24569,0.06442261,-0.0700531,-0.7939453,0.8763915,-0.3347796,1.5685371,48.83387,2.3709147,32.981613,36.893257,30
860,1733023463011,Uiu,20.622131,16.017273,-57.07126,62.761086,0.07322693,-0.06964111,-1.2131653,-0.10453014,0.17318483,-0.6645884,48.834072,2.37079,64.75955,36.19183,30
861,1733023463142,Uiu,20.63443,17.406517,-55.958435,62.129807,-0.0725708,-0.14550781,-0.83677673,-0.048473526,-0.17707065,-0.5284159,48.834072,2.37079,64.75955,36.19183,30
862,1733023463242,Uiu,18.650665,18.381798,-55.40149,61.27857,0.06048584,-0.15701294,-0.8116913,0.002361425,-0.0063958475,-0.42047185,48.834072,2.37079,64.75955,36.19183,30
863,1733023468797,Uiu,-5.347046,12.779793,-39.530823,41.887947,0.1224823,-0.0769043,-0.94692993,-0.025061412,-0.0679415,0.5071868,48.83392,2.3708441,80.58447,36.822575,30.015873
864,1733023468963,Uiu,-5.027252,12.661697,-39.9588,42.217266,0.101760864,-0.16572571,-0.85513306,0.110702276,-0.17116536,0.25428954,48.83392,2.3708441,80.58447,36.822575,30.015873
865,1733023471116,Uiu,-7.612793,6.70459,-38.1604,39.48572,0.106552124,-0.23982239,-1.211792,-0.27268478,-0.005949502,0.11738655,48.83408,2.370794,65.996895,36.82251,30
866,1733023471232,Uiu,-6.5667114,7.597885,-38.787964,40.06689,0.10588074,-0.088516235,-0.8599701,-0.1653626,-0.18345052,0.63850456,48.83408,2.370794,65.996895,36.82251,30
867,1733023476459,Uiu,-10.824463,-19.042908,-36.45822,42.53238,-0.028823853,-0.16716003,-0.89398193,-0.094626375,-0.18759333,-0.40937978,48.83408,2.370794,65.996895,36.82251,30
868,1733023476568,Uiu,-10.61322,-18.46363,-36.53061,42.285122,0.08784485,-0.1952362,-1.0547485,0.039147936,-0.08941617,-0.020225909,48.83408,2.370794,65.996895,36.82251,30
869,1733023476668,Uiu,-10.69751,-19.814384,-36.097656,42.54512,0.031555176,-0.24914551,-1.0982819,0.4825685,0.017850902,-0.09236615,48.83408,2.370794,65.996895,36.82251,30
870,1733023476768,Uiu,-10.20224,-21.05481,-35.464355,42.4866,0.10926819,-0.27583313,-1.0623016,0.020608606,0.06838652,0.07685137,48.83408,2.370794,65.996895,36.82251,30
871,1733023476868,Uiu,-10.395447,-21.253906,-35.332184,42.52243,0.17562866,-0.03666687,-1.087616,0.01985946,-0.07395332,0.20514277,48.83408,2.370794,65.996895,36.82251,30
872,1733023476968,Uiu,-11.027466,-20.992157,-35.461487,42.659027,0.09361267,-0.1463623,-0.8792572,-0.0669042,-0.41530985,0.14850879,48.83408,2.370794,65.996895,36.82251,30
873,1733023477069,Uiu,-11.968262,-20.778038,-35.077515,42.48998,0.110443115,-0.14476013,-0.7551117,0.021727933,-0.109547,0.22716337,48.83408,2.370794,65.996895,36.82251,30
874,1733023477200,Uiu,-12.926331,-21.790932,-34.557587,42.850456,0.055374146,-0.19866943,-1.0449219,-0.17765895,-0.006161756,-0.4328316,48.83408,2.370794,65.996895,36.82251,30
875,1733023477302,Uiu,-11.276184,-21.655441,-35.383545,42.9896,0.06742859,-0.17190552,-1.1446838,-0.19742306,0.37046593,-0.3815391,48.83408,2.370794,65.996895,36.82251,30
876,1733023477402,Uiu,-8.751251,-20.86937,-37.082947,43.442604,0.11935425,-0.028747559,-1.129242,-0.009051019,0.57591575,-0.08397559,48.834026,2.3708632,41,36.24947,30
877,1733023477502,Uiu,-8.307861,-21.112076,-36.679596,43.12926,-0.04512024,-0.0869751,-0.92915344,-0.07385958,-0.19325921,-0.11265038,48.834026,2.3708632,41,36.24947,30
878,1733023477602,Uiu,-7.549469,-20.836136,-37.183502,43.286854,0.027893066,-0.114746094,-0.81321716,-0.06862301,0.1508726,-0.13359188,48.834026,2.3708632,41,36.24947,30
879,1733023477702,Uiu,-7.5715027,-20.373993,-37.602295,43.432243,0.020248413,-0.18005371,-0.8967743,-0.26116687,0.07451445,-0.18987167,48.834026,2.3708632,41,36.24947,30
880,1733023477803,Uiu,-7.3867188,-20.052689,-38.173706,43.748207,0.10336304,-0.19889832,-1.0440216,0.0076552564,0.039572444,0.14491351,48.834026,2.3708632,41,36.24947,30
881,1733023477919,Uiu,-7.7225647,-20.126816,-38.53177,44.152283,0.10736084,-0.3083954,-1.0570068,0.22642516,-0.15277596,0.26600853,48.834026,2.3708632,41,36.24947,30
882,1733023478019,Uiu,-8.429749,-21.012848,-37.800934,44.06258,0.18356323,-0.20770264,-1.0961151,0.038158305,0.18644205,0.3268106,48.834026,2.3708632,41,36.24947,30
883,1733023478119,Uiu,-9.283112,-20.568588,-37.98871,44.1858,0.18933105,-0.03666687,-1.2337494,0.054521833,0.08542888,0.57700104,48.834026,2.3708632,41,36.24947,30
884,1733023478220,Uiu,-10.096039,-19.91948,-38.51767,44.523327,0.119522095,-0.14736938,-0.835022,-0.20104629,-0.22232628,0.66944784,48.834026,2.3708632,41,36.24947,30
885,1733023478336,Uiu,-12.7812805,-18.963196,-38.89447,45.119217,0.12637329,-0.04876709,-0.8741455,0.17461787,-0.120303504,0.96892697,48.834026,2.3708632,41,36.24947,30
886,1733023478436,Uiu,-14.312683,-18.134132,-38.72867,45.09556,0.06896973,-0.11621094,-0.8710785,0.179692,-0.22076939,0.40346572,48.834026,2.3708632,41,36.24947,30
887,1733023478543,Uiu,-15.508911,-18.907974,-37.88849,45.09518,0.030563354,-0.13475037,-0.96525574,-0.014050838,-0.042762376,-0.14196832,48.834026,2.3708632,41,36.24947,30
888,1733023478637,Uiu,-14.590881,-19.342651,-38.42035,45.421967,-0.007659912,-0.096954346,-1.0570068,-0.21149547,0.28035948,-0.5217588,48.834026,2.3708632,41,36.24947,30
889,1733023478737,Uiu,-12.021973,-18.395355,-39.8826,45.536125,-0.0073394775,-0.10069275,-1.1977234,-0.6645231,0.35418338,-1.0998722,48.834026,2.3708632,41,36.24947,30
890,1733023478853,Uiu,-8.61499,-17.871933,-41.25293,45.77585,0.03691101,-0.058425903,-0.8929596,-0.04133066,0.2592353,-0.3830555,48.834026,2.3708632,41,36.24947,30
891,1733023478953,Uiu,-7.7417603,-19.025429,-41.292145,46.118793,0.018356323,-0.10649109,-0.79403687,0.08464351,0.11011958,-0.48745248,48.834026,2.3708632,41,36.24947,30
892,1733023479100,Uiu,-7.1088867,-20.138565,-41.341125,46.531567,0.1491394,-0.23947144,-1.0063934,0.074331224,-0.019353725,0.025521338,48.834026,2.3708632,41,36.24947,30
893,1733023479220,Uiu,-7.685608,-20.80304,-41.16147,46.755764,0.16123962,-0.22332764,-1.10672,0.37673634,-0.1775335,0.39353025,48.834026,2.3708632,41,36.24947,30
894,1733023479320,Uiu,-8.370148,-21.634346,-41.187622,47.270756,0.25735474,-0.16044617,-1.1177063,-0.34480718,-0.38573012,0.24910809,48.834026,2.3708632,41,36.24947,30
895,1733023479420,Uiu,-10.009949,-20.705177,-41.26999,47.24527,0.27438354,0.017913818,-1.0321045,-0.13698103,0.10228962,0.9437944,48.834026,2.3708632,41,36.24947,30
896,1733023479521,Uiu,-12.042053,-19.792,-40.989075,47.083317,-0.012786865,-0.10551453,-0.81015015,0.06485836,0.06898146,0.7072975,48.834026,2.3708632,41,36.24947,30
897,1733023479637,Uiu,-13.475403,-19.556725,-40.955627,47.34359,0.071899414,-0.084991455,-0.76542664,0.31743574,-0.2624913,0.6813834,48.834026,2.3708632,41,36.24947,30
898,1733023479754,Uiu,-15.179718,-20.207756,-40.235992,47.515392,0.09811401,-0.065841675,-0.90556335,0.22431593,-0.14125833,0.13115829,48.834026,2.3708632,41,36.24947,30
899,1733023479901,Uiu,-13.536621,-19.715172,-41.749023,48.113503,0.02720642,-0.11279297,-1.1286774,-0.7961874,0.11819269,-0.6632291,48.834026,2.3708632,41,36.24947,30
900,1733023480021,Uiu,-11.305206,-17.954659,-43.45877,48.361576,0.06201172,0.0119018555,-1.1168671,-0.17852446,0.5077881,-0.23435844,48.834026,2.3708632,41,36.24947,30
901,1733023480121,Uiu,-10.7127075,-18.438126,-43.325592,48.289062,-0.016906738,-0.08248901,-0.8313751,0.04430994,-0.059254,-0.29951695,48.834026,2.3708632,41,36.24947,30
902,1733023480221,Uiu,-10.082397,-19.311996,-43.38977,48.55183,0.10354614,-0.08444214,-0.8560333,0.24012126,-0.1716988,-0.09232194,48.834026,2.3708632,41,36.24947,30
903,1733023480338,Uiu,-11.485657,-20.926254,-42.92282,49.11412,0.1023407,-0.20953369,-0.9641113,0.20176694,-0.30859804,0.0014631407,48.834026,2.3708632,41,36.24947,30
904,1733023480438,Uiu,-12.247559,-21.390076,-42.334625,48.98733,0.17700195,-0.19975281,-1.0475616,0.075195685,0.02436819,0.55594075,48.834026,2.3708632,41,36.24947,30
905,1733023480538,Uiu,-14.281982,-22.328766,-41.642303,49.362236,0.13597107,-0.19812012,-1.0726318,0.35879862,0.12715848,1.0812322,48.834026,2.3708632,41,36.24947,30
906,1733023480638,Uiu,-17.68277,-21.424377,-41.047943,49.56428,0.2431488,0.022155762,-1.4351654,-0.07591101,-0.473134,0.834203,48.834026,2.3708632,41,36.24947,30
907,1733023480738,Uiu,-20.546082,-19.049408,-40.487427,49.236706,0.14112854,0.0050201416,-1.028595,-0.14234143,-0.20069502,1.3315606,48.834026,2.3708632,41,36.24947,30
908,1733023480838,Uiu,-22.559448,-16.579674,-40.337128,49.1009,0.13059998,-0.009140015,-0.6630249,0.06512627,0.12487003,1.344095,48.834026,2.3708632,41,36.24947,30
909,1733023480955,Uiu,-24.354858,-14.305809,-39.60315,48.643856,0.014892578,-0.07104492,-0.8107147,0.14151852,-0.2149685,0.7865721,48.834026,2.3708632,41,36.24947,30
910,1733023481097,Uiu,-24.427094,-13.53846,-39.1929,48.125423,-0.019851685,-0.08558655,-1.1735535,-0.20474543,0.61819184,-0.108011685,48.834026,2.3708632,41,36.24947,30
911,1733023481222,Uiu,-22.16626,-13.14003,-40.6969,48.16888,0.04814148,0.0050201416,-1.2111969,-0.49954697,0.13650325,-0.25185886,48.834026,2.3708632,41,36.24947,30
912,1733023481322,Uiu,-20.984833,-11.420967,-41.076996,47.519695,-0.015777588,-0.08253479,-0.7846222,0.20930848,0.05133802,0.9598821,48.834026,2.3708632,41,36.24947,30
913,1733023481422,Uiu,-22.77359,-9.7836,-40.207092,47.233097,0.034194946,-0.11708069,-0.77401733,-0.056718405,-0.09894922,0.78668845,48.834026,2.3708632,41,36.24947,30
914,1733023481522,Uiu,-23.696564,-7.416771,-39.573395,46.71819,0.11279297,-0.14949036,-0.971817,-0.30754638,-0.010686733,0.41236174,48.834026,2.3708632,41,36.24947,30
915,1733023481639,Uiu,-23.599915,-5.0886765,-39.31662,46.137264,0.13401794,-0.1481781,-1.0758514,0.21778347,0.108240716,1.0143557,48.834026,2.3708632,41,36.24947,30
916,1733023481756,Uiu,-23.851257,-4.2143555,-38.95627,45.871933,0.040374756,-0.091659546,-1.2038879,0.6198553,0.18867591,0.9143985,48.834026,2.3708632,41,36.24947,30
917,1733023481900,Uiu,-22.425629,-1.0532837,-39.915955,45.796307,0.24380493,0.026855469,-0.9590454,-0.5028083,0.1082306,1.1956048,48.834026,2.3708632,41,36.24947,30
918,1733023482023,Uiu,-22.078217,3.2426453,-39.629578,45.48039,0.05441284,-0.050613403,-0.7996521,-0.28691804,-0.008086955,1.0927432,48.834026,2.3708632,41,36.24947,30
919,1733023482139,Uiu,-21.37854,5.6548004,-39.571747,45.331467,0.042816162,-0.11038208,-0.78237915,0.08692904,-0.044377852,0.58453774,48.834026,2.3708632,41,36.24947,30
920,1733023482239,Uiu,-21.760773,6.030037,-39.18863,45.228767,0.039474487,-0.10157776,-0.9337311,0.09719819,0.04096155,0.02144697,48.834026,2.3708632,41,36.24947,30
921,1733023482339,Uiu,-21.416626,6.500534,-39.52289,45.420124,-0.0033111572,-0.082351685,-1.0520782,-0.109665774,0.09605436,-0.050440006,48.834026,2.3708632,41,36.24947,30
922,1733023482439,Uiu,-20.477905,7.2506943,-40.031555,45.546047,0.030700684,-0.07600403,-1.1251831,-0.22981429,0.2621275,-0.13667636,48.834026,2.3708632,41,36.24947,30
923,1733023482540,Uiu,-19.75708,8.023529,-40.213654,45.51766,-0.014266968,-0.09527588,-1.180954,-0.44500142,0.3325894,-0.69637346,48.834026,2.3708632,41,36.24947,30
924,1733023482640,Uiu,-18.479645,8.001854,-40.798492,45.497734,0.000869751,-0.011978149,-0.88882446,0.1255518,0.018714832,-0.008071775,48.834026,2.3708632,41,36.24947,30
925,1733023482740,Uiu,-18.317047,7.3679886,-40.7146,45.24909,0.036987305,-0.059906006,-0.81344604,0.12737499,-0.02168532,0.031303596,48.834026,2.3708632,41,36.24947,30
926,1733023482856,Uiu,-18.711548,7.407791,-40.91867,45.599728,0.06213379,-0.12249756,-0.8796692,-0.104956776,-0.11728562,-0.022517027,48.83408,2.3707943,66,36.19183,30
927,1733023482957,Uiu,-18.888428,7.734688,-40.696655,45.528187,0.08769226,-0.20402527,-1.0391083,0.08693729,0.026697125,0.34445378,48.83408,2.3707943,66,36.19183,30
928,1733023483057,Uiu,-18.546875,7.8895493,-40.778564,45.487614,0.021957397,-0.21784973,-1.0982971,0.44595644,-0.03404798,0.3589696,48.83408,2.3707943,66,36.19183,30
929,1733023483157,Uiu,-17.491394,6.8007126,-41.624817,45.659874,0.08320618,-0.22241211,-1.0767059,-0.00097285275,-0.019464245,0.14491431,48.83408,2.3707943,66,36.19183,30
930,1733023483257,Uiu,-17.012054,7.2268066,-41.556274,45.481434,0.15377808,0.035690308,-0.98724365,-0.2397572,0.23478667,0.38324192,48.83408,2.3707943,66,36.19183,30
931,1733023483395,Uiu,-17.038086,9.622948,-41.28351,45.686165,0.10501099,0.02999878,-0.8809204,0.24528006,-0.10409684,0.2627472,48.833984,2.3708706,40,36.29839,30
932,1733023483497,Uiu,-17.279114,9.074287,-41.490173,45.851334,0.05831909,-0.08616638,-0.8557434,0.009273659,-0.060961623,-0.11604032,48.833984,2.3708706,40,36.29839,30
933,1733023483598,Uiu,-17.404022,8.4822235,-41.730194,46.002796,0.062438965,-0.13597107,-0.9915619,-0.18403322,0.0639686,-0.41594556,48.833984,2.3708706,40,36.29839,30
934,1733023483724,Uiu,-17.337738,8.821953,-41.79651,46.101757,0.15493774,-0.09951782,-1.1484528,-0.2300798,-0.04678668,-0.20348388,48.833984,2.3708706,40,36.29839,30
935,1733023483824,Uiu,-17.217316,9.040138,-41.4747,45.807323,0.013458252,-0.14733887,-1.1342163,-0.059829246,0.11925236,-0.70313925,48.833984,2.3708706,40,36.29839,30
936,1733023483924,Uiu,-16.705475,7.3324356,-41.9718,45.765377,0.031066895,0.09133911,-0.9472809,0.07367156,0.47710904,-0.36945608,48.833984,2.3708706,40,36.29839,30
937,1733023484041,Uiu,-16.094757,6.2507095,-43.010468,46.34666,0.0843811,-0.078445435,-0.831604,0.37073624,-0.05220648,0.08661851,48.833984,2.3708706,40,36.29839,30
938,1733023484141,Uiu,-16.063751,5.5074615,-42.83493,46.078278,0.05795288,-0.1990509,-0.780777,-0.21320894,-0.12990926,-0.1768568,48.833984,2.3708706,40,36.29839,30
939,1733023484241,Uiu,-16.773926,5.933235,-42.65155,46.21388,0.10546875,-0.15272522,-1.0152588,0.142359,-0.18506838,0.4087678,48.833984,2.3708706,40,36.29839,30
940,1733023484341,Uiu,-16.961334,5.4397354,-42.78479,46.344536,0.031600952,-0.2096405,-1.1270447,0.48042575,-0.18417144,0.48957583,48.833984,2.3708706,40,36.29839,30
941,1733023484458,Uiu,-17.402893,5.0988235,-42.659973,46.354416,0.10523987,-0.19174194,-1.1690979,-0.7034889,-0.4458145,-0.28093046,48.833984,2.3708706,40,36.29839,30
942,1733023484558,Uiu,-17.388031,6.5635147,-42.5925,46.470898,0.20869446,-0.018676758,-0.9055176,-0.27719486,-0.22903425,0.6424085,48.833984,2.3708706,40,36.29839,30
943,1733023484658,Uiu,-18.471222,7.4106064,-41.841217,46.333473,-0.033798218,-0.014953613,-0.860199,-0.18808602,0.17225619,0.12936012,48.833984,2.3708706,40,36.29839,30
944,1733023484758,Uiu,-18.892792,7.619629,-41.667297,46.3806,0.0289917,-0.13406372,-0.74827576,0.15045023,-0.5412987,-0.1088378,48.833984,2.3708706,40,36.29839,30
945,1733023484901,Uiu,-20.396362,5.2890015,-41.178925,46.25677,0.066986084,-0.087524414,-1.0125275,0.0611784,0.17567782,-0.2393785,48.833984,2.3708706,40,36.29839,30
946,1733023485025,Uiu,-19.944092,4.754326,-41.466125,46.25808,0.018920898,-0.055480957,-1.1600952,-0.20897825,0.36298245,-0.17740381,48.833984,2.3708706,40,36.29839,30
947,1733023485125,Uiu,-19.061646,4.766609,-42.012787,46.380398,-0.10336304,-0.08345032,-1.1558838,0.17286286,0.3680257,-0.6531328,48.833984,2.3708706,40,36.29839,30
948,1733023485225,Uiu,-17.672668,3.892212,-42.26367,45.974888,0.007736206,-0.064315796,-0.829895,-0.12397361,-0.24807185,-0.518482,48.833984,2.3708706,40,36.29839,30
949,1733023485325,Uiu,-18.438995,2.9252014,-41.744263,45.72895,0.06663513,-0.021652222,-0.9236603,0.27331623,0.24633601,0.020135628,48.833984,2.3708706,40,36.29839,30
950,1733023485425,Uiu,-18.595825,2.1334991,-41.90277,45.89334,0.06451416,-0.16804504,-0.89945984,0.115040034,-0.12649909,0.1508537,48.833984,2.3708706,40,36.29839,30
951,1733023485525,Uiu,-18.638824,1.6975403,-41.92566,45.913486,0.039474487,-0.20401001,-0.99183655,0.15899391,-0.09850846,0.37719148,48.833984,2.3708706,40,36.29839,30
952,1733023485625,Uiu,-18.917664,1.6112595,-41.922882,46.02176,0.054382324,-0.18882751,-1.105957,0.09477658,0.19446988,0.32508674,48.833984,2.3708706,40,36.29839,30
953,1733023485725,Uiu,-20.011597,2.8250656,-41.240936,45.926678,0.14216614,0.015686035,-1.4682922,-0.033329196,0.1704527,0.13740952,48.833984,2.3708706,40,36.29839,30
954,1733023485826,Uiu,-19.421906,3.4022522,-41.234497,45.70634,0.0899353,-0.11216736,-0.9909363,0.048956625,-0.38722494,0.3556918,48.833984,2.3708706,40,36.29839,30
955,1733023485942,Uiu,-19.789337,3.7604675,-41.325195,45.973152,0.04550171,-0.090927124,-0.7436981,-0.045752574,0.1891116,0.15018071,48.833984,2.3708706,40,36.29839,30
956,1733023486042,Uiu,-20.446716,3.7702103,-40.773224,45.768314,0.08001709,-0.11639404,-0.8177185,0.0904018,-0.31992048,0.06911835,48.833984,2.3708706,40,36.29839,30
957,1733023486143,Uiu,-21.1333,3.1955795,-40.55191,45.839783,0.07853699,-0.09902954,-0.98464966,-0.0033425335,-0.14806244,-0.28885096,48.833984,2.3708706,40,36.29839,30
958,1733023486259,Uiu,-21.765472,2.823616,-40.23532,45.83219,0.053955078,-0.0605011,-1.1396484,-0.2879937,0.16888969,-0.42279547,48.833984,2.3708706,40,36.29839,30
959,1733023486359,Uiu,-21.23407,2.4224396,-40.10623,45.44517,-0.028717041,-0.09492493,-1.1175079,-0.11704913,-0.0022591595,-0.54227656,48.833984,2.3708706,40,36.29839,30
960,1733023486459,Uiu,-20.86728,1.1909866,-40.582214,45.648415,-0.0028839111,0.10971069,-1.0522919,0.23544048,0.4090075,-0.17542481,48.833984,2.3708706,40,36.29839,30
961,1733023486559,Uiu,-20.262512,-0.4243927,-40.62967,45.40396,0.009750366,-0.014389038,-0.75901794,0.13009275,-0.0015534218,-0.37475577,48.833984,2.3708706,40,36.29839,30
962,1733023486697,Uiu,-20.949036,-0.22444916,-39.71225,44.899612,0.10173035,0.05519104,-1.1343689,-0.12187956,-0.022328475,0.24868065,48.833984,2.3708706,40,36.29839,30
963,1733023486810,Uiu,-21.607819,-0.40435028,-39.926636,45.400414,-0.015029907,-0.1512146,-1.0481567,0.42150304,-0.15549265,0.26631796,48.833984,2.3708706,40,36.29839,30
964,1733023486910,Uiu,-21.730103,-1.3777542,-39.554718,45.15165,0.053451538,-0.108184814,-1.0925751,0.23000444,-0.008779909,-0.24713282,48.833984,2.3708706,40,36.29839,30
965,1733023487010,Uiu,-21.303223,-2.5800476,-39.61133,45.05043,0.13360596,-0.084472656,-0.951355,-0.014171213,0.15938567,-0.122190356,48.833984,2.3708706,40,36.29839,30
966,1733023487110,Uiu,-21.010712,-2.2719727,-40.096252,45.324623,0.0644989,-0.12780762,-0.92123413,-0.46308404,0.23890525,-0.34164813,48.833984,2.3708706,40,36.29839,30
967,1733023487215,Uiu,-20.599335,-2.5129013,-39.875,44.951782,0.071243286,-0.1611023,-0.846405,-0.07007549,0.18475947,-0.31767276,48.833984,2.3708706,40,36.29839,30
968,1733023487310,Uiu,-20.302399,-3.228691,-39.885986,44.87208,0.080825806,-0.17230225,-0.9639435,0.0028192224,-0.18747962,-0.56557924,48.833984,2.3708706,40,36.29839,30
969,1733023487427,Uiu,-19.946075,-4.2915344,-40.121735,45.011295,0.06965637,-0.12982178,-1.0772705,0.1332755,0.10035323,-0.46164033,48.833984,2.3708706,40,36.29839,30
970,1733023487527,Uiu,-19.696106,-6.1618958,-39.992798,45.00366,0.066848755,-0.13816833,-1.0221863,0.054516505,-0.006829943,-0.5553924,48.833984,2.3708706,40,36.29839,30
971,1733023487627,Uiu,-19.790405,-8.111534,-39.78955,45.173725,0.069229126,-0.12844849,-1.0624542,0.1568783,-0.04704554,-0.89532495,48.833984,2.3708706,40,36.29839,30
972,1733023487727,Uiu,-19.663788,-10.824669,-39.163025,45.13957,0.12748718,-0.12454224,-0.9912262,0.061205834,-0.26778856,-1.1999903,48.833984,2.3708706,40,36.29839,30
973,1733023487827,Uiu,-19.208557,-13.518539,-38.42975,45.039597,0.06550598,-0.010421753,-1.1776886,0.3851333,0.27066186,-1.2410629,48.833984,2.3708706,40,36.29839,30
974,1733023487927,Uiu,-16.466919,-17.324348,-38.380768,45.214775,-0.041610718,0.07835388,-0.9331207,-0.105677694,0.104524545,-1.6332603,48.833984,2.3708706,40,36.29839,30
975,1733023488027,Uiu,-14.122406,-19.904205,-38.476776,45.564045,0.0068969727,-0.018997192,-0.8991089,0.5552366,-0.17842993,-0.9471058,48.833984,2.3708706,40,36.29839,30
976,1733023488144,Uiu,-13.285187,-22.16964,-37.44159,45.49573,0.065338135,-0.09854126,-1.0046844,-0.00308687,-0.21441323,-1.0088094,48.833984,2.3708706,40,36.29839,30
977,1733023488244,Uiu,-11.793243,-23.351334,-37.335327,45.588287,0.17112732,-0.18371582,-0.97857666,0.15717816,-0.20039089,-0.2615059,48.833984,2.3708706,40,36.29839,30
978,1733023488344,Uiu,-12.515533,-24.424744,-36.470276,45.643047,0.11883545,-0.20933533,-1.169754,0.38145894,-0.13085788,-0.09254884,48.833984,2.3708706,40,36.29839,30
979,1733023488444,Uiu,-12.004089,-25.354568,-35.680206,45.387547,0.12484741,-0.19467163,-1.1192169,0.04946023,-0.08660547,-0.056018796,48.833984,2.3708706,40,36.29839,30
980,1733023488544,Uiu,-11.919312,-25.938103,-35.06613,45.216022,0.0894928,-0.036346436,-1.0036621,0.11983372,0.005656554,0.0074334154,48.833984,2.3708706,40,36.29839,30
981,1733023488644,Uiu,-11.70108,-26.086784,-35.07727,45.25318,0.036346436,-0.11457825,-0.8323517,-0.034827754,-0.1006358,-0.2933139,48.833984,2.3708706,40,36.29839,30
982,1733023488744,Uiu,-11.415283,-26.310295,-34.881073,45.15783,0.051239014,-0.15870667,-0.7349396,0.11561688,-0.23544048,-0.017773671,48.833984,2.3708706,40,36.29839,30
983,1733023488845,Uiu,-11.655731,-26.42765,-34.342133,44.87381,0.025512695,-0.18412781,-0.946167,0.07001903,-0.20147319,-0.29509583,48.83408,2.3707943,66,36.19183,30
984,1733023488945,Uiu,-11.196136,-26.611969,-34.0961,44.677673,0.03944397,-0.14320374,-1.0873413,-0.17631964,-0.10903727,-0.44526163,48.83408,2.3707943,66,36.19183,30
985,1733023489045,Uiu,-9.355591,-26.47715,-34.71292,44.649227,0.06163025,-0.12683105,-1.1242371,-0.081354246,0.13314714,-0.4166694,48.83408,2.3707943,66,36.19183,30
986,1733023489145,Uiu,-6.617584,-25.628609,-35.616425,44.37508,0.04458618,-0.024414062,-1.1834412,0.13784522,0.44470716,-0.56583333,48.83408,2.3707943,66,36.19183,30
987,1733023489251,Uiu,-4.1595764,-25.61396,-35.913147,44.307236,-0.030639648,-0.025482178,-0.89790344,0.021437913,0.112646654,-0.3851397,48.83408,2.3707943,66,36.19183,30
988,1733023489345,Uiu,-3.1876526,-25.53006,-35.648407,43.963097,-0.009429932,-0.07505798,-0.81463623,0.23792975,0.03938895,-0.1293492,48.833897,2.3708775,33.32421,36.61661,30
989,1733023489445,Uiu,-2.8634949,-25.519768,-35.047424,43.448593,-0.009918213,-0.15924072,-0.95980835,-0.023181485,-0.030460438,-0.272529,48.833897,2.3708775,33.32421,36.61661,30
990,1733023489545,Uiu,-2.3859558,-25.035149,-34.433167,42.63912,0.051696777,-0.21546936,-1.0935669,0.20419201,-0.001504686,0.06990212,48.833897,2.3708775,33.32421,36.61661,30
991,1733023489662,Uiu,-2.8206177,-25.467705,-33.449707,42.136,0.031341553,-0.19506836,-1.1650085,0.4475666,-0.03829386,0.016772056,48.833897,2.3708775,33.32421,36.61661,30
992,1733023489762,Uiu,-3.4454956,-25.673302,-32.696594,41.713993,0.103149414,-0.02508545,-1.3309174,0.04079963,-0.1622182,-0.09818862,48.833897,2.3708775,33.32421,36.61661,30
993,1733023489900,Uiu,-4.590973,-23.574623,-33.306915,41.06325,0.15698242,-0.080078125,-0.7952881,-0.18859787,0.09164204,0.08071083,48.833897,2.3708775,33.32421,36.61661,30
994,1733023490012,Uiu,-6.0628357,-23.23574,-32.784943,40.638775,0.06355286,-0.20426941,-0.8306122,-0.026950924,-0.30578336,0.07791077,48.833897,2.3708775,33.32421,36.61661,30
995,1733023490112,Uiu,-6.494171,-23.18412,-31.911316,39.975113,0.05758667,-0.22129822,-1.0105438,0.13635518,0.08468213,-0.16150154,48.833897,2.3708775,33.32421,36.61661,30
996,1733023490212,Uiu,-5.5498047,-23.544212,-31.777008,39.936306,-0.0077209473,-0.17248535,-1.0275879,-0.08087195,0.123761885,-0.46775573,48.833897,2.3708775,33.32421,36.61661,30
997,1733023490312,Uiu,-4.6924744,-23.360962,-31.58374,39.5637,-0.009460449,-0.121276855,-1.1217346,-0.26963335,-0.3535594,-0.682712,48.833897,2.3708775,33.32421,36.61661,30
998,1733023490412,Uiu,-3.5545654,-22.621872,-31.947723,39.30701,0.08204651,0.015075684,-1.2077026,0.111895375,0.07942718,-0.6780626,48.833897,2.3708775,33.32421,36.61661,30
999,1733023490513,Uiu,-2.4631958,-22.87468,-31.515533,39.01983,-0.014801025,-0.025909424,-0.8366394,-0.17763391,0.21186405,-0.6850058,48.833897,2.3708775,33.32421,36.61661,30
1000,1733023490613,Uiu,-1.1302185,-22.73452,-31.663452,38.99628,0.07777405,-0.06277466,-0.79911804,0.26742265,-0.04705273,-0.36186633,48.833897,2.3708775,33.32421,36.61661,30
1001,1733023490713,Uiu,-0.17495728,-23.008057,-31.519226,39.023876,0.09597778,-0.18504333,-0.93688965,-0.032359805,-0.10849479,-0.49056333,48.833897,2.3708775,33.32421,36.61661,30
1002,1733023490813,Uiu,0.42544556,-23.010277,-31.294952,38.846207,0.16894531,-0.19415283,-1.0776367,0.062507585,0.09069475,0.2748907,48.833897,2.3708775,33.32421,36.61661,30
1003,1733023490913,Uiu,-0.8152771,-24.017265,-30.54953,38.86859,-0.014877319,-0.19335938,-1.1913452,0.5318828,0.12865971,0.32941118,48.833897,2.3708775,33.32421,36.61661,30
1004,1733023491013,Uiu,-1.6985168,-24.916664,-29.90445,38.961536,0.12768555,-0.08482361,-1.1480103,0.023144467,-0.644326,0.2587647,48.833897,2.3708775,33.32421,36.61661,30
1005,1733023491130,Uiu,-3.6126099,-24.847168,-30.157745,39.241844,0.16905212,-0.046569824,-1.001297,-0.39944488,0.06879691,0.48269662,48.833897,2.3708775,33.32421,36.61661,30
1006,1733023491246,Uiu,-5.7540283,-23.884003,-30.448944,39.124065,0.043151855,-0.07720947,-0.8405304,0.1053701,0.04004675,0.5146751,48.833897,2.3708775,33.32421,36.61661,30
1007,1733023491363,Uiu,-6.8449707,-23.924637,-29.948914,38.93815,-0.023834229,-0.18951416,-0.7423706,0.2565423,-0.37655953,0.124666035,48.833897,2.3708775,33.32421,36.61661,30
1008,1733023491463,Uiu,-7.55777,-24.951149,-29.346191,39.25403,0.052459717,-0.13052368,-0.95755005,0.09072458,-0.1475876,-0.26975027,48.833897,2.3708775,33.32421,36.61661,30
1009,1733023491563,Uiu,-6.741699,-25.608414,-29.24469,39.45242,0.030456543,-0.07167053,-1.1419067,-0.3123374,0.26888898,-0.71239454,48.833897,2.3708775,33.32421,36.61661,30
1010,1733023491664,Uiu,-5.438446,-25.207901,-30.33078,39.811695,-0.06851196,-0.09983826,-1.234787,-0.48330063,-0.16291781,-0.7392525,48.833897,2.3708775,33.32421,36.61661,30
1011,1733023491799,Uiu,-3.810608,-25.841492,-30.255066,39.970894,-0.062423706,0.06700134,-0.9026642,0.014427941,0.19740841,-0.4188287,48.833897,2.3708775,33.32421,36.61661,30
1012,1733023491914,Uiu,-2.6390686,-26.085205,-30.338745,40.097904,-0.050491333,-0.099609375,-0.77500916,0.1264453,-0.09357043,-0.22781053,48.833897,2.3708775,33.32421,36.61661,30
1013,1733023492014,Uiu,-1.176239,-26.21334,-30.51233,40.243324,-0.042388916,-0.17390442,-0.94374084,-0.29770625,0.0028498487,-0.660204,48.833897,2.3708775,33.32421,36.61661,30
1014,1733023492114,Uiu,0.24816895,-26.133995,-30.956573,40.51366,0.00630188,-0.2160492,-1.0407104,0.017977402,0.17304581,-0.3487926,48.833897,2.3708775,33.32421,36.61661,30
1015,1733023492231,Uiu,1.0192566,-26.543228,-30.764954,40.64559,-0.047836304,-0.20074463,-1.1022491,0.33275026,0.056866214,-0.26193762,48.833897,2.3708775,33.32421,36.61661,30
1016,1733023492331,Uiu,1.671814,-28.005966,-29.498993,40.71019,0.036987305,-0.17123413,-1.0117188,0.19759004,0.029440979,-0.25150573,48.833897,2.3708775,33.32421,36.61661,30
1017,1733023492431,Uiu,2.905426,-27.8891,-30.05661,41.10527,0.14950562,0.045074463,-1.1636353,0.16997625,-0.21551338,-0.36913463,48.833897,2.3708775,33.32421,36.61661,30
1018,1733023492531,Uiu,2.8894043,-28.297386,-29.924652,41.286507,0.011184692,-0.07963562,-0.92770386,-0.2318263,0.060053483,-0.64491963,48.833897,2.3708775,33.32421,36.61661,30
1019,1733023492631,Uiu,5.203247,-27.572807,-30.45633,41.41161,0.0690155,-0.04978943,-0.9130249,0.02448324,-0.07391364,-0.8656184,48.833897,2.3708775,33.32421,36.61661,30
1020,1733023492748,Uiu,7.8835144,-26.89264,-31.022583,41.806274,0.083862305,-0.104537964,-0.8759918,-0.29705805,0.2838493,-1.3206062,48.833897,2.3708775,33.32421,36.61661,30
1021,1733023492848,Uiu,11.584656,-25.029884,-31.545502,41.90248,0.222229,-0.21188354,-1.0485077,-0.04581516,-0.059762932,-0.88386,48.833897,2.3708775,33.32421,36.61661,30
1022,1733023492948,Uiu,12.929413,-24.168503,-31.861023,42.028694,0.06364441,-0.13589478,-1.210022,0.31962407,-0.28953382,-0.75454515,48.833897,2.3708775,33.32421,36.61661,30
1023,1733023493065,Uiu,14.3315735,-24.601234,-31.562225,42.50634,0.08984375,0.03704834,-1.0885925,0.28311345,-0.200205,-0.6218902,48.833897,2.3708775,33.32421,36.61661,30
1024,1733023493165,Uiu,15.38205,-24.779228,-31.417633,42.868233,0.013015747,0.13197327,-0.92910767,0.05217665,-0.113305256,-0.8884324,48.833897,2.3708775,33.32421,36.61661,30
1025,1733023493299,Uiu,18.124603,-22.441483,-31.755493,42.901432,-0.004196167,-0.07217407,-0.8266754,0.0042607915,0.13528591,-0.6975607,48.833897,2.3708775,33.32421,36.61661,30
1026,1733023493415,Uiu,19.649323,-20.523026,-32.72647,43.3395,0.12387085,-0.24427795,-0.9982147,-0.20489988,-0.09293367,-0.6337634,48.833897,2.3708775,33.32421,36.61661,30
1027,1733023493515,Uiu,20.475037,-19.827545,-32.533752,43.25279,0.0053100586,-0.3058777,-0.98031616,0.16753174,-0.11183546,-0.4712634,48.833897,2.3708775,33.32421,36.61661,30
1028,1733023493615,Uiu,20.701904,-20.067513,-32.28772,43.287075,0.046417236,-0.15371704,-1.080719,0.39692152,-0.24475542,-0.07677254,48.833897,2.3708775,33.32421,36.61661,30
1029,1733023493732,Uiu,20.17987,-20.937386,-32.49173,43.604057,0.10394287,-0.025726318,-1.0269928,-0.013205551,-0.15538053,-0.039202794,48.833897,2.3708775,33.32421,36.61661,30
1030,1733023493832,Uiu,19.365692,-20.994408,-32.824677,43.511547,0.044128418,0.18182373,-0.9073181,-0.19647923,-0.10555066,-0.008257131,48.833897,2.3708775,33.32421,36.61661,30
1031,1733023493932,Uiu,19.457306,-19.636292,-34.019897,43.835194,0.049453735,0.12910461,-1.0340576,-0.42606395,0.25547066,-0.24120942,48.833897,2.3708775,33.32421,36.61661,30
1032,1733023494032,Uiu,20.103668,-18.332703,-33.33362,43.027615,0.054275513,-0.119522095,-0.9374695,-0.21538581,-0.13082325,-0.24057186,48.833897,2.3708775,33.32421,36.61661,30
1033,1733023494132,Uiu,20.844818,-16.811668,-34.524506,43.69302,0.06303406,-0.024810791,-1.0332184,0.039069105,0.046942476,-0.42398748,48.833897,2.3708775,33.32421,36.61661,30
1034,1733023494232,Uiu,21.581207,-16.560371,-34.203064,43.701763,0.07356262,0.0012512207,-0.9036255,0.25356328,-0.21070585,-0.22135262,48.833897,2.3708775,33.32421,36.61661,30
1035,1733023494332,Uiu,21.54181,-17.521706,-33.744537,43.700726,0.08824158,-0.014785767,-0.9732971,0.31000713,0.19846249,-0.33853996,48.833897,2.3708775,33.32421,36.61661,30
1036,1733023494432,Uiu,22.996399,-17.069061,-33.419678,44.012066,0.09098816,-0.014297485,-1.0891876,0.03791276,-0.21586598,-0.3061546,48.833897,2.3708775,33.32421,36.61661,30
1037,1733023494532,Uiu,22.942139,-16.05513,-33.971985,44.025047,0.029800415,0.008255005,-1.0725403,-0.0020911142,0.12691854,-0.43387076,48.833897,2.3708775,33.32421,36.61661,30
1038,1733023494633,Uiu,23.717651,-15.189026,-34.167633,44.279346,0.037628174,-0.04650879,-0.9801483,-0.0883746,-0.25066125,-0.3601257,48.833897,2.3708775,33.32421,36.61661,30
1039,1733023494749,Uiu,23.40036,-14.53566,-34.691498,44.298557,0.013198853,-0.12245178,-0.9164734,0.039670713,-0.050535347,-0.1977059,48.833897,2.3708775,33.32421,36.61661,30
1040,1733023494849,Uiu,22.65918,-13.908272,-35.413574,44.283176,0.051116943,-0.24925232,-0.8817291,-0.3061807,-0.64302266,-0.13801886,48.833897,2.3708775,33.32421,36.61661,30
1041,1733023494949,Uiu,21.899261,-12.748138,-36.48004,44.417183,-0.10253906,-0.39370728,-1.0085907,-0.40590757,0.5870033,-0.47960734,48.833897,2.3708775,33.32421,36.61661,30
1042,1733023495066,Uiu,23.58371,-12.693375,-35.51602,44.48259,0.14225769,-0.17445374,-0.9547119,0.5544155,-0.44415188,0.55819297,48.833897,2.3708775,33.32421,36.61661,30
1043,1733023495166,Uiu,21.168793,-16.0719,-35.666534,44.480618,-0.0026245117,-0.1461029,-1.1488037,0.22042425,-0.04521648,0.48936704,48.833897,2.3708775,33.32421,36.61661,30
1044,1733023495266,Uiu,20.183807,-18.194344,-35.12619,44.41024,0.06323242,0.022949219,-1.1515198,0.34583384,0.41680974,0.84116447,48.833897,2.3708775,33.32421,36.61661,30
1045,1733023495366,Uiu,19.879211,-19.377525,-34.802002,44.517982,0.11174011,0.11405945,-0.99664307,-0.103903495,-0.31069022,0.67744,48.83408,2.3707943,66,36.19183,30
1046,1733023495488,Uiu,18.604218,-22.02684,-34.108887,44.66223,-0.051605225,-0.11581421,-0.77845764,0.3109773,-0.13252422,0.099759616,48.83408,2.3707943,66,36.19183,30
1047,1733023495588,Uiu,18.44934,-22.466988,-34.013428,44.74435,0.023544312,-0.11180115,-0.9489136,0.04223587,0.1909404,-0.025207885,48.83408,2.3707943,66,36.19183,30
1048,1733023495700,Uiu,18.706879,-21.958809,-33.881073,44.497906,0.039764404,-0.066833496,-1.1231537,-0.35632962,0.17110305,-0.26787618,48.833706,2.3708754,63.666668,36.653164,30
1049,1733023495800,Uiu,19.687592,-20.040283,-34.73584,44.674297,-0.0013885498,-0.067855835,-1.16893,-0.12709111,0.037209153,-0.305904,48.833706,2.3708754,63.666668,36.653164,30
1050,1733023495900,Uiu,20.785156,-19.537064,-33.785095,44.217102,-0.06959534,-0.08004761,-0.8878021,-0.015742477,0.019612318,-0.29329365,48.833706,2.3708754,63.666668,36.653164,30
1051,1733023496000,Uiu,20.887238,-19.480148,-33.56601,44.073006,-0.05291748,-0.1040802,-0.7964783,-0.065873556,0.011760519,-0.22124504,48.833706,2.3708754,63.666668,36.653164,30
1052,1733023496100,Uiu,20.613281,-18.87259,-33.540924,43.658627,0.015167236,-0.1257019,-0.87020874,0.016980048,-0.09241089,-0.20750819,48.833706,2.3708754,63.666668,36.653164,30
1053,1733023496200,Uiu,20.879425,-18.59793,-33.729065,43.81191,-0.0027160645,-0.19232178,-1.0619049,0.103763945,0.03804725,0.049521748,48.833706,2.3708754,63.666668,36.653164,30
1054,1733023496300,Uiu,20.54129,-19.89476,-34.059113,44.47212,-0.024871826,-0.1953888,-1.1903534,0.46525824,0.035050128,0.38188958,48.833706,2.3708754,63.666668,36.653164,30
1055,1733023496417,Uiu,20.51828,-21.526466,-33.339203,44.675396,0.10221863,-0.1720581,-1.1209412,0.21344037,0.0111589115,0.5050909,48.833706,2.3708754,63.666668,36.653164,30
1056,1733023496534,Uiu,19.352783,-21.982063,-33.195618,44.26839,0.14883423,-0.08950806,-0.99020386,-0.31559762,-0.29182252,0.2709287,48.833706,2.3708754,63.666668,36.653164,30
1057,1733023496634,Uiu,16.997192,-22.535843,-34.32138,44.43789,-0.027160645,-0.17501831,-0.9609833,0.014868162,0.11103677,0.39633268,48.833706,2.3708754,63.666668,36.653164,30
1058,1733023496734,Uiu,16.182007,-23.492249,-34.156067,44.50146,0.042938232,-0.13980103,-0.77948,0.29706284,-0.33713248,0.5299254,48.833706,2.3708754,63.666668,36.653164,30
1059,1733023496851,Uiu,14.60199,-24.980972,-33.76294,44.46575,-0.023910522,-0.1465149,-0.87568665,0.029573604,-0.059273176,-0.022238992,48.833706,2.3708754,63.666668,36.653164,30
1060,1733023496996,Uiu,17.340363,-21.759254,-34.86972,44.609985,-0.061676025,-0.106552124,-1.197052,-0.42402956,0.11576895,-0.7265546,48.833706,2.3708754,63.666668,36.653164,30
1061,1733023497098,Uiu,19.37207,-19.383026,-34.925537,44.39338,-0.077316284,-0.10801697,-0.97395325,-0.24894297,0.32373598,-0.53172195,48.833706,2.3708754,63.666668,36.653164,30
1062,1733023497218,Uiu,20.36081,-18.079407,-34.448273,43.91026,-0.010101318,-0.06037903,-0.9186249,0.09505568,0.17242822,-0.21976592,48.833706,2.3708754,63.666668,36.653164,30
1063,1733023497318,Uiu,21.210693,-18.303864,-34.434875,44.392406,0.000015258789,-0.15223694,-0.80493164,0.2993425,-0.22344267,-0.036565468,48.833706,2.3708754,63.666668,36.653164,30
1064,1733023497435,Uiu,20.530548,-19.293755,-33.99063,44.14879,0.0037078857,-0.22142029,-1.0337219,0.19695541,-0.098661326,0.025073927,48.833706,2.3708754,63.666668,36.653164,30
1065,1733023497535,Uiu,20.309021,-20.023064,-33.917877,44.314804,0.03503418,-0.21644592,-1.1400452,0.38044667,0.1505746,0.43122038,48.833706,2.3708754,63.666668,36.653164,30
1066,1733023497652,Uiu,19.650757,-21.544586,-33.40503,44.34205,0.010406494,-0.18243408,-1.2905273,-0.35779434,-0.6716391,0.05624969,48.833706,2.3708754,63.666668,36.653164,30
1067,1733023497752,Uiu,18.650543,-22.18573,-33.270844,44.124805,0.06932068,-0.118637085,-0.90467834,-0.12674622,0.101215035,0.7421008,48.833706,2.3708754,63.666668,36.653164,30
1068,1733023497852,Uiu,16.92981,-23.22094,-33.59726,44.21093,0.03945923,-0.105651855,-0.7510071,0.16278173,-0.02469576,0.7248123,48.833706,2.3708754,63.666668,36.653164,30
1069,1733023497995,Uiu,13.909149,-25.558716,-33.10608,44.07635,-0.02583313,-0.15074158,-1.011322,-0.0075998628,-0.014741396,-0.24075855,48.833706,2.3708754,63.666668,36.653164,30
1070,1733023498119,Uiu,14.793976,-24.693848,-33.107452,43.871986,-0.03794861,-0.09617615,-1.160675,-0.28605786,0.454237,-0.57350296,48.833706,2.3708754,63.666668,36.653164,30
1071,1733023498219,Uiu,18.281677,-21.85727,-33.63568,44.08309,-0.018692017,-0.09591675,-1.2511749,-0.47149217,0.13934217,-0.8512773,48.833706,2.3708754,63.666668,36.653164,30
1072,1733023498319,Uiu,20.355865,-20.310127,-33.398315,44.071648,-0.10765076,-0.07710266,-0.9331665,-0.03439499,0.36158377,-0.12080924,48.833706,2.3708754,63.666668,36.653164,30
1073,1733023498419,Uiu,21.706116,-19.578995,-32.414124,43.648228,-0.04145813,-0.08345032,-0.7625885,0.08332019,-0.074956,-0.37564605,48.833706,2.3708754,63.666668,36.653164,30
1074,1733023498519,Uiu,21.950317,-19.370255,-32.14734,43.479588,-0.030258179,-0.14709473,-0.87506104,0.09569324,-0.0464924,-0.33738923,48.833706,2.3708754,63.666668,36.653164,30
1075,1733023498636,Uiu,22.262451,-18.896584,-31.95987,43.291233,0.0116119385,-0.21150208,-1.0356445,0.091007136,0.016355537,-0.18208618,48.833706,2.3708754,63.666668,36.653164,30
1076,1733023498736,Uiu,21.661926,-19.394768,-32.199158,43.38412,0.022613525,-0.2578888,-1.1658936,0.41858926,-0.101951666,0.27380118,48.833706,2.3708754,63.666668,36.653164,30
1077,1733023498842,Uiu,21.033539,-19.895454,-32.79651,43.74757,0.08496094,-0.13671875,-1.3396912,-0.25805125,-0.4310049,0.048860483,48.833706,2.3708754,63.666668,36.653164,30
1078,1733023498952,Uiu,20.056519,-20.303436,-33.317383,43.869595,0.036849976,-0.1303711,-0.9204407,-0.15063478,-0.52716154,0.4991102,48.833706,2.3708754,63.666668,36.653164,30
1079,1733023499053,Uiu,18.308167,-20.728348,-33.586975,43.50791,-0.0027313232,-0.084350586,-0.7629242,-0.091579184,0.35825267,0.079072714,48.833706,2.3708754,63.666668,36.653164,30
1080,1733023499153,Uiu,18.639465,-20.83313,-33.651703,43.747982,0.026107788,-0.08604431,-0.7359619,0.24373303,-0.71071887,0.20010753,48.833706,2.3708754,63.666668,36.653164,30
1081,1733023499298,Uiu,18.903137,-19.13424,-34.84906,44.02164,0.030944824,-0.05218506,-1.1790771,-0.15009442,0.28541043,-0.51349634,48.833706,2.3708754,63.666668,36.653164,30
1082,1733023499420,Uiu,20.977997,-17.267899,-34.73877,44.102592,-0.07258606,-0.14318848,-1.1605225,-0.4484545,0.18079029,-0.8170059,48.833706,2.3708754,63.666668,36.653164,30
1083,1733023499520,Uiu,22.999603,-15.465401,-34.292725,44.092533,-0.074645996,-0.049926758,-0.9409485,-0.10574268,0.38038597,-0.21613842,48.833706,2.3708754,63.666668,36.653164,30
1084,1733023499620,Uiu,24.389893,-14.819359,-34.170044,44.52047,0.026397705,-0.0493927,-0.80111694,0.18381403,0.021558821,-0.06617982,48.833706,2.3708754,63.666668,36.653164,30
1085,1733023499720,Uiu,24.82788,-15.244759,-33.626556,44.49238,-0.00062561035,-0.15040588,-0.81422424,0.041947983,-0.062016234,0.041927744,48.833706,2.3708754,63.666668,36.653164,30
1086,1733023499820,Uiu,24.521729,-15.7080765,-34.017914,44.780323,-0.038223267,-0.2290039,-0.9940491,0.040985517,0.15887007,0.13371705,48.833706,2.3708754,63.666668,36.653164,30
1087,1733023499937,Uiu,24.108887,-17.696129,-34.019806,45.29612,-0.027679443,-0.20118713,-1.1585541,0.5135339,-0.18186887,0.5309542,48.833706,2.3708754,63.666668,36.653164,30
1088,1733023500037,Uiu,23.427612,-19.468117,-33.13742,45.010548,0.07658386,-0.16775513,-1.1381531,-0.2145043,-0.40453735,0.14858894,48.833706,2.3708754,63.666668,36.653164,30
1089,1733023500154,Uiu,22.076965,-20.528229,-33.63846,45.170193,0.040985107,-0.099472046,-0.927948,-0.24126747,-0.105831355,0.5192719,48.833706,2.3708754,63.666668,36.653164,30
1090,1733023500254,Uiu,21.186218,-20.808044,-34.684692,45.66025,-0.035232544,-0.110198975,-0.8473511,-0.04907247,0.17117947,-0.096438125,48.833706,2.3708754,63.666668,36.653164,30
1091,1733023500354,Uiu,21.264954,-21.13321,-34.75717,45.900673,-0.00039672852,-0.135849,-0.7198334,0.19661212,-0.43195328,0.052649897,48.833706,2.3708754,63.666668,36.653164,30
1092,1733023500499,Uiu,21.388763,-20.604317,-34.53302,45.54719,0.00077819824,-0.10002136,-1.1199036,-0.22290419,0.03533269,-0.64903927,48.833706,2.3708754,63.666668,36.653164,30
1093,1733023500604,Uiu,23.82257,-17.995201,-35.285706,46.22146,-0.036010742,-0.19042969,-1.1573181,-0.49150956,-0.17064817,-0.8966879,48.833706,2.3708754,63.666668,36.653164,30
1094,1733023500721,Uiu,24.984406,-16.07798,-34.98642,45.899582,-0.012191772,0.002746582,-1.0584564,0.12712866,0.33018935,-0.32321426,48.833706,2.3708754,63.666668,36.653164,30
1095,1733023500821,Uiu,26.32782,-15.721252,-34.052643,45.824604,-0.03843689,-0.02645874,-0.8738556,0.26038712,0.38441506,-0.5315531,48.833706,2.3708754,63.666668,36.653164,30
1096,1733023500921,Uiu,27.335022,-15.941643,-33.04709,45.75423,-0.05595398,-0.15953064,-0.6968994,0.267812,-0.1962526,-0.33292922,48.833706,2.3708754,63.666668,36.653164,30
1097,1733023501028,Uiu,27.71112,-15.350029,-32.658752,45.49861,-0.022476196,-0.23443604,-0.9084778,-0.020212594,-0.10999414,-0.46158174,48.833706,2.3708754,63.666668,36.653164,30
1098,1733023501121,Uiu,27.733856,-15.04184,-32.62213,45.383114,0.033447266,-0.27729797,-1.0412598,0.18835153,-0.26507294,0.060483582,48.833706,2.3708754,63.666668,36.653164,30
1099,1733023501221,Uiu,27.280548,-15.8498535,-32.045288,44.97051,0.030471802,-0.27819824,-1.1475067,-0.12447348,-0.3420825,-0.46539965,48.833706,2.3708754,63.666668,36.653164,30
1100,1733023501321,Uiu,27.143524,-14.968292,-32.14627,44.656506,0.074523926,-0.10270691,-0.98446655,-0.051032558,-0.0025893915,-0.027777836,48.833878,2.3709161,30,36.509586,30
1101,1733023501421,Uiu,26.036224,-14.728714,-32.489014,44.162834,0.02407837,-0.084472656,-0.92251587,-0.08712265,-0.014891597,-0.117170565,48.833878,2.3709161,30,36.509586,30
1102,1733023501521,Uiu,26.226807,-14.193954,-32.14441,43.8472,0.015426636,-0.10992432,-0.7631073,0.22143412,-0.17293689,-0.21181372,48.833878,2.3709161,30,36.509586,30
1103,1733023501621,Uiu,26.104095,-13.482124,-32.015717,43.453396,0.005554199,-0.18469238,-0.9092102,0.17802086,-0.021771075,-0.7932835,48.833878,2.3709161,30,36.509586,30
1104,1733023501738,Uiu,26.939789,-12.083984,-31.230011,42.977768,0.03147888,-0.24287415,-0.95913696,-0.017610153,-0.070166305,-0.9247025,48.833878,2.3709161,30,36.509586,30
1105,1733023501855,Uiu,27.31955,-9.301163,-30.826538,42.2273,0.13591003,-0.1680603,-1.0613708,-0.29726204,-0.16359666,-0.5438867,48.833878,2.3709161,30,36.509586,30
1106,1733023501955,Uiu,27.544067,-6.6088104,-31.121826,42.082302,0.07727051,-0.10861206,-1.2059784,0.023262445,0.4280765,-0.6063685,48.833878,2.3709161,30,36.509586,30
1107,1733023502063,Uiu,28.211212,-4.1413574,-30.100525,41.46161,-0.0018005371,-0.07447815,-0.90734863,-0.1913492,-0.15045501,-0.74236387,48.833878,2.3709161,30,36.509586,30
1108,1733023502155,Uiu,28.343048,-1.5133362,-29.854004,41.193203,0.08834839,-0.10475159,-0.9150238,0.2088616,0.07065846,-0.27565208,48.833878,2.3709161,30,36.509586,30
1109,1733023502255,Uiu,28.23758,-1.6107025,-29.286316,40.71417,0.0043792725,-0.22854614,-0.88974,0.15949433,-0.013192501,-0.095797636,48.833878,2.3709161,30,36.509586,30
1110,1733023502399,Uiu,27.623352,-2.541275,-28.67691,39.89828,0.1627655,-0.22232056,-1.1469421,0.050353985,-0.058238007,0.32497862,48.833878,2.3709161,30,36.509586,30
1111,1733023502505,Uiu,27.509521,-2.9708405,-28.80539,39.941833,0.23771667,-0.026687622,-1.0640564,-0.08164133,0.48639095,0.7156393,48.833878,2.3709161,30,36.509586,30
1112,1733023502622,Uiu,26.667633,-3.7960434,-29.487915,39.938824,0.15718079,-0.09437561,-1.0193329,-0.14977777,-0.1658116,0.7799206,48.833878,2.3709161,30,36.509586,30
1113,1733023502739,Uiu,27.237732,-5.0518417,-29.011566,40.113415,0.122024536,-0.19137573,-0.6618042,0.15633155,-0.10282039,0.75931704,48.833878,2.3709161,30,36.509586,30
1114,1733023502839,Uiu,26.03479,-7.215622,-30.080566,40.43162,0.06881714,-0.2918396,-0.7809143,0.11717429,-0.3079629,0.3426093,48.833878,2.3709161,30,36.509586,30
1115,1733023502956,Uiu,25.391235,-7.1474915,-30.421326,40.264854,0.066986084,-0.1947174,-1.053299,-0.220514,0.08200832,-0.09071845,48.833878,2.3709161,30,36.509586,30
1116,1733023503100,Uiu,26.812958,-3.6103363,-30.717926,40.93361,0.039855957,-0.00035095215,-1.2388306,0.03794099,0.26643568,-0.2153741,48.833878,2.3709161,30,36.509586,30
1117,1733023503206,Uiu,27.96997,-2.965599,-30.250732,41.306427,-0.09213257,-0.12211609,-0.81689453,-0.1641173,0.09737556,-0.41773254,48.833878,2.3709161,30,36.509586,30
1118,1733023503323,Uiu,28.23053,-2.3048172,-30.529327,41.645107,0.04359436,-0.0921936,-0.7692261,0.2085548,0.058315236,0.0168144,48.833878,2.3709161,30,36.509586,30
1119,1733023503423,Uiu,28.07312,-3.2056656,-31.353851,42.20711,-0.013442993,-0.22398376,-0.8881073,0.23405297,-0.19716926,0.010423346,48.833878,2.3709161,30,36.509586,30
1120,1733023503523,Uiu,28.35025,-3.5554047,-31.886414,42.81496,0.07949829,-0.24433899,-1.0203094,0.14735083,-0.10252158,0.28929386,48.833878,2.3709161,30,36.509586,30
1121,1733023503623,Uiu,28.02356,-5.5117493,-32.556274,43.308315,0.108688354,-0.24853516,-1.1357269,0.08519452,0.34666023,0.5567413,48.833878,2.3709161,30,36.509586,30
1122,1733023503723,Uiu,27.705597,-5.8236923,-34.06714,44.295433,0.1839447,-0.09838867,-1.38974,-0.065784074,-0.19563022,0.37621278,48.833878,2.3709161,30,36.509586,30
1123,1733023503823,Uiu,27.639832,-6.875168,-34.40384,44.66377,0.07215881,-0.19796753,-0.8277283,-0.5294074,-0.25369006,0.18281402,48.833878,2.3709161,30,36.509586,30
1124,1733023503923,Uiu,26.996063,-6.3275146,-35.61557,45.13639,0.14176941,-0.033676147,-0.78852844,0.26487693,-0.13835575,0.35267124,48.833878,2.3709161,30,36.509586,30
1125,1733023504023,Uiu,26.929077,-8.909477,-36.153442,45.952427,0.040420532,-0.18891907,-0.7965851,0.42302823,-0.13143978,0.12725063,48.833878,2.3709161,30,36.509586,30
1126,1733023504123,Uiu,26.653137,-10.653877,-36.526398,46.45506,-0.022033691,-0.19233704,-0.96118164,0.018442657,-0.22090708,-0.20201302,48.833878,2.3709161,30,36.509586,30
1127,1733023504240,Uiu,27.248901,-9.3378525,-37.23166,47.073288,0.035720825,-0.15263367,-1.114502,-0.59704715,0.22248474,-0.58055764,48.833878,2.3709161,30,36.509586,30
1128,1733023504340,Uiu,28.900085,-5.3012466,-37.53653,47.668743,0.08831787,-0.051132202,-1.3480682,-0.0043702475,0.6997168,-0.56903815,48.833878,2.3709161,30,36.509586,30
1129,1733023504457,Uiu,31.35147,-4.594612,-36.21634,48.121185,-0.00869751,-0.08529663,-0.87483215,0.03994289,0.032545425,-0.41038752,48.833878,2.3709161,30,36.509586,30
1130,1733023504557,Uiu,31.919952,-4.4265213,-36.53955,48.719772,0.0061035156,-0.13522339,-0.8246918,0.26272324,0.07297674,-0.2579908,48.833878,2.3709161,30,36.509586,30
1131,1733023504699,Uiu,31.71289,-3.963295,-37.852936,49.54049,0.14442444,-0.22146606,-1.0623169,0.1102104,-0.6103723,-0.4306787,48.833878,2.3709161,30,36.509586,30
1132,1733023504824,Uiu,29.817902,-5.604553,-39.78595,50.03439,0.19413757,-0.083114624,-1.2371979,0.52568483,0.0075093154,0.58953863,48.833878,2.3709161,30,36.509586,30
1133,1733023504924,Uiu,29.2872,-8.574364,-40.12906,50.414295,0.10282898,-0.12332153,-1.0658417,-0.049302567,-0.44506028,0.377881,48.833878,2.3709161,30,36.509586,30
1134,1733023505024,Uiu,26.972015,-9.045891,-41.62378,50.416832,-0.024612427,-0.1436615,-0.9448395,-0.10950359,-0.8688339,0.05364698,48.833878,2.3709161,30,36.509586,30
1135,1733023505141,Uiu,24.569366,-9.329285,-42.961212,50.36224,-0.044204712,-0.103897095,-0.7604523,0.051110856,-0.21061262,0.25140774,48.833878,2.3709161,30,36.509586,30
1136,1733023505241,Uiu,23.971619,-10.689751,-43.06891,50.436497,-0.044036865,-0.1512146,-0.8650818,0.09332302,0.2693657,0.38347867,48.833878,2.3709161,30,36.509586,30
1137,1733023505358,Uiu,25.750366,-11.704979,-42.372955,50.94659,-0.17329407,-0.15261841,-1.0314636,-0.2911562,0.3995892,0.04559518,48.833878,2.3709161,30,36.509586,30
1138,1733023505458,Uiu,27.518463,-10.378616,-41.711395,51.037457,-0.19413757,-0.10006714,-1.1638336,-0.44716525,0.25855753,-0.23337759,48.833878,2.3709161,30,36.509586,30
1139,1733023505558,Uiu,29.326233,-7.2641296,-41.11624,51.022945,-0.15270996,-0.08042908,-1.170929,-0.40981388,0.14627013,-0.67466635,48.833878,2.3709161,30,36.509586,30
1140,1733023505658,Uiu,30.257019,-3.4494858,-40.788605,50.902813,-0.075302124,-0.019515991,-0.8671112,-0.35581934,0.11041732,-0.47352576,48.833878,2.3709161,30,36.509586,30
1141,1733023505797,Uiu,30.735168,-2.8925323,-40.101166,50.607517,-0.13204956,-0.2034607,-0.9181366,0.20495474,-0.117947675,-0.3051876,48.833878,2.3709161,30,36.509586,30
1142,1733023505908,Uiu,30.852173,-2.9069977,-40.123352,50.69705,-0.0076141357,-0.14279175,-1.0400238,0.12343645,0.084333524,0.041051295,48.833878,2.3709161,30,36.509586,30
1143,1733023506008,Uiu,31.64502,-4.0386734,-39.7471,50.966167,-0.03286743,-0.14053345,-1.1768646,-0.08178568,-0.47824353,0.24444303,48.833878,2.3709161,30,36.509586,30
1144,1733023506108,Uiu,30.838806,-3.078331,-39.94156,50.55528,0.22714233,0.12542725,-1.1063385,-0.007041398,0.42477632,0.7519936,48.833878,2.3709161,30,36.509586,30
1145,1733023506208,Uiu,29.809143,-5.400009,-40.747223,50.77481,0.012969971,-0.10118103,-0.9489136,0.07813608,-0.02792564,0.7192338,48.833878,2.3709161,30,36.509586,30
1146,1733023506308,Uiu,29.798523,-7.2249756,-40.321808,50.655704,0.05847168,-0.08950806,-0.80137634,0.48576882,-0.071389765,0.7334473,48.833878,2.3709161,30,36.509586,30
1147,1733023506408,Uiu,29.214264,-10.738892,-40.029724,50.706764,-0.056350708,-0.1415863,-0.7910309,0.3526494,-0.031067105,0.37517068,48.833878,2.3709161,30,36.509586,30
1148,1733023506525,Uiu,28.67862,-11.37085,-40.243225,50.707756,-0.15042114,-0.07156372,-1.0749207,-0.11653647,-0.20490788,-0.23343405,48.833878,2.3709161,30,36.509586,30
1149,1733023506625,Uiu,29.681854,-8.9526825,-40.37268,50.903008,-0.1572876,-0.095825195,-1.209259,-0.48297465,0.4832857,-0.5026983,48.833878,2.3709161,30,36.509586,30
1150,1733023506742,Uiu,31.272675,-4.972786,-40.663605,51.5387,-0.070999146,-0.0076293945,-1.0786743,-0.176403,0.086450204,-0.45124814,48.833878,2.3709161,30,36.509586,30
1151,1733023506859,Uiu,31.770325,-2.6073303,-41.0318,51.959217,-0.063583374,-0.12565613,-0.81365967,-0.15133147,-0.15577735,-0.3733925,48.83372,2.3708794,60.450058,36.361977,30
1152,1733023506990,Uiu,31.593262,-3.087494,-42.288147,52.87678,-0.053527832,-0.25915527,-0.90164185,0.02222035,-0.060456153,-0.32198176,48.83372,2.3708794,60.450058,36.361977,30
1153,1733023507100,Uiu,31.402649,-2.333191,-43.16922,53.43362,0.07409668,-0.1885376,-1.1661072,0.20658727,0.024146615,0.45597526,48.83372,2.3708794,60.450058,36.361977,30
1154,1733023507209,Uiu,31.53006,-4.504677,-43.947754,54.27561,0.02017212,-0.21661377,-1.1834717,-0.28844696,-0.52468854,0.13518019,48.83372,2.3708794,60.450058,36.361977,30
1155,1733023507309,Uiu,31.118866,-5.237709,-45.225067,55.14639,0.17611694,-0.012008667,-1.0007324,-0.25434014,0.09963551,0.96076703,48.83372,2.3708794,60.450058,36.361977,30
1156,1733023507409,Uiu,31.016693,-6.611122,-46.562653,56.336693,0.044692993,-0.07395935,-0.79618835,-0.15781254,0.028482242,0.5206315,48.83372,2.3708794,60.450058,36.361977,30
1157,1733023507526,Uiu,30.067596,-10.568329,-47.898438,57.53269,0.0026855469,-0.16217041,-0.66352844,0.48364177,-0.34146145,0.63973975,48.83372,2.3708794,60.450058,36.361977,30
1158,1733023507626,Uiu,27.709625,-13.683968,-49.99362,58.774456,-0.07720947,-0.12866211,-0.99150085,0.30025622,-0.16972539,-0.05854187,48.83372,2.3708794,60.450058,36.361977,30
1159,1733023507726,Uiu,27.639923,-14.068489,-51.3779,60.013134,-0.08973694,-0.08105469,-1.1317444,-0.1442091,0.11437984,-0.46839544,48.83372,2.3708794,60.450058,36.361977,30
1160,1733023507826,Uiu,29.081665,-12.0965805,-52.451294,61.181767,-0.092422485,-0.17088318,-1.2048492,-0.39736068,0.23358506,-0.573912,48.83372,2.3708794,60.450058,36.361977,30
1161,1733023507926,Uiu,30.487427,-10.247856,-53.209717,62.17536,-0.061660767,-0.050827026,-1.0192566,0.17978254,0.033947848,0.047418915,48.83372,2.3708794,60.450058,36.361977,30
1162,1733023508026,Uiu,29.763916,-11.136818,-54.66809,63.23385,-0.09980774,-0.16778564,-0.7709503,0.15943813,-0.6259606,-0.42099622,48.83372,2.3708794,60.450058,36.361977,30
1163,1733023508143,Uiu,27.27951,-11.220673,-56.86862,64.06337,-0.049865723,-0.123291016,-0.87786865,0.3161244,-0.25222373,-0.10699303,48.83372,2.3708794,60.450058,36.361977,30
1164,1733023508243,Uiu,25.79889,-13.076347,-58.29181,65.073105,-0.10362244,-0.26223755,-0.929718,0.28482214,0.021551099,0.082965724,48.83372,2.3708794,60.450058,36.361977,30
1165,1733023508343,Uiu,25.38861,-15.566292,-58.82718,65.93578,-0.05836487,-0.28427124,-0.99809265,0.48541036,-0.0807268,0.19694449,48.83372,2.3708794,60.450058,36.361977,30
1166,1733023508460,Uiu,25.550629,-17.616043,-58.800995,66.48847,-0.0743103,-0.24952698,-1.0813751,-0.111056216,0.034613103,0.17400402,48.83372,2.3708794,60.450058,36.361977,30
1167,1733023508560,Uiu,24.820099,-17.64209,-59.836273,67.139114,0.00592041,-0.1519928,-1.0038757,-0.123948045,0.09251768,0.43140626,48.83372,2.3708794,60.450058,36.361977,30
1168,1733023508669,Uiu,23.41504,-16.419952,-60.8273,67.214874,-0.066345215,-0.16175842,-0.90592957,-0.14958523,0.0041705105,0.32578716,48.83372,2.3708794,60.450058,36.361977,30
1169,1733023508789,Uiu,20.776306,-17.107948,-60.670685,66.3722,-0.10820007,-0.26664734,-0.9726715,0.07391417,0.167324,-0.11979777,48.83372,2.3708794,60.450058,36.361977,30
1170,1733023508890,Uiu,20.623535,-16.79348,-59.495544,65.169556,-0.10322571,-0.28857422,-0.98075867,-0.04007498,-0.2631219,-0.14288072,48.83372,2.3708794,60.450058,36.361977,30
1171,1733023508992,Uiu,19.760437,-14.539238,-58.875763,63.782597,-0.15357971,-0.27619934,-1.1180573,-0.26043212,0.15027472,0.036248818,48.83372,2.3708794,60.450058,36.361977,30
1172,1733023509119,Uiu,18.789276,-10.903374,-58.23593,62.155804,-0.16688538,-0.16464233,-1.0777893,-0.2053353,-0.29338634,-0.28490284,48.83372,2.3708794,60.450058,36.361977,30
1173,1733023509223,Uiu,19.087036,-7.9882812,-58.052155,61.62938,-0.16723633,-0.18876648,-0.8689575,-0.12579468,0.24275085,-0.49346536,48.83372,2.3708794,60.450058,36.361977,30
1174,1733023509336,Uiu,19.531525,-6.8807983,-56.51645,60.19082,-0.10520935,-0.29039,-0.67788696,-0.22227967,-0.32393333,-0.27021363,48.83372,2.3708794,60.450058,36.361977,30
1175,1733023509436,Uiu,19.565613,0.14476013,-55.83792,59.16678,-0.10469055,-0.19265747,-0.85684204,-1.8097516,0.4481823,-0.26102096,48.83372,2.3708794,60.450058,36.361977,30
1176,1733023509536,Uiu,22.310516,9.358124,-52.85794,58.13171,-0.026626587,0.020324707,-1.3285065,-0.10699622,0.47405678,0.014455638,48.83372,2.3708794,60.450058,36.361977,30
1177,1733023509636,Uiu,24.746735,4.7513046,-50.29138,56.251213,0.10050964,0.059158325,-1.1603088,0.72526795,0.91341794,0.70362765,48.83372,2.3708794,60.450058,36.361977,30
1178,1733023509736,Uiu,25.500153,1.3352737,-48.54785,54.853756,0.14442444,0.07418823,-1.129776,0.20649405,-0.26546124,0.38503584,48.83372,2.3708794,60.450058,36.361977,30
1179,1733023509840,Uiu,24.067596,-1.9043427,-48.430206,54.11433,0.0705719,-0.040039062,-0.92681885,-0.25494894,-0.10712592,0.37017328,48.83372,2.3708794,60.450058,36.361977,30
1180,1733023509940,Uiu,23.107452,-1.1507263,-47.550323,52.880165,0.09555054,-0.04862976,-0.9256897,-0.19590932,0.092488654,0.22598547,48.83372,2.3708794,60.450058,36.361977,30
1181,1733023510040,Uiu,23.746735,-0.2599182,-46.134033,51.887608,0.05116272,-0.06085205,-0.9104614,-0.35526383,-0.057543453,-0.24565956,48.83372,2.3708794,60.450058,36.361977,30
1182,1733023510141,Uiu,24.297699,2.368019,-44.988647,51.185585,0.037963867,0.043014526,-1.0052643,-0.6588695,0.17731114,-0.23167557,48.83372,2.3708794,60.450058,36.361977,30
1183,1733023510257,Uiu,25.087708,4.4350204,-43.55237,50.456627,0.0740509,0.1517334,-1.1454315,-0.024976457,0.35902473,0.06702058,48.83372,2.3708794,60.450058,36.361977,30
1184,1733023510357,Uiu,26.050446,4.1712418,-42.560303,50.07399,0.06681824,0.13981628,-1.0261688,0.062327825,0.04995611,-0.09111047,48.83372,2.3708794,60.450058,36.361977,30
1185,1733023510457,Uiu,25.863892,3.7217865,-42.4075,49.81153,0.07585144,0.10292053,-0.87802124,0.01639948,-0.16476364,0.08106476,48.83372,2.3708794,60.450058,36.361977,30
1186,1733023510558,Uiu,25.104675,2.920494,-42.682526,49.604153,0.06266785,0.056930542,-0.9861908,0.2269157,0.21053779,0.26927516,48.83372,2.3708794,60.450058,36.361977,30
